Workbook

Sheet Store Sales
A1: Date | B1: Product | C1: Category | D1: Quantity | E1: Price | F1: TOTAL SALES | G1: Total Sales For Headphone Product | H1: First Three Letters Of Product Name | I1: Last 2 Letter Category | J1: Max | K1: Min
A2: 45669 | B2: Bookshelf | C2: Furniture | D2: 2 | E2: 180
A3: 45670 | B3: Calculator | C3: Stationery | D3: 7 | E3: 30
A4: 45662 | B4: Desk | C4: Furniture | D4: 2 | E4: 300
A5: 45660 | B5: Headphones | C5: Accessories | D5: 10 | E5: 50
A6: 45665 | B6: Headphones | C6: Electronics | D6: 1 | E6: 400 | F6: =D6*E6 -> 400 | G6: =SUMIF(B6:B14, "Headphones",F6:F14) -> 1200 | H6: =LEFT(B1,3) -> Pro | I6: =RIGHT(B6,2) -> es | J6: =MAX(F6:F14) -> 2500 | K6: =MIN(F6:F14) -> 400
A7: 45668 | B7: Headphones | C7: Electronics | D7: 4 | E7: 200 | F7: =D7*E7 -> 800 | G7: =SUMIF(B7:B15, "Headphones",F7:F15) -> 800 | H7: =LEFT(B2,3) -> Boo | I7: =RIGHT(B7,2) -> es
A8: 45667 | B8: Keyboard | C8: Accessories | D8: 6 | E8: 40
A9: 45658 | B9: Laptop | C9: Electronics | D9: 2 | E9: 800 | F9: =D9*E9 -> 1600 | G9: =SUMIF(B9:B17, "Laptop",F9:F17) -> 2400 | H9: =LEFT(B4,3) -> Des | I9: =RIGHT(B9,2) -> op
A10: 45666 | B10: Mouse | C10: Accessories | D10: 8 | E10: 25
A11: 45663 | B11: Notebook | C11: Stationery | D11: 20 | E11: 5
A12: 45661 | B12: Office Chair | C12: Furniture | D12: 3 | E12: 150
A13: 45664 | B13: Pen Pack | C13: Stationery | D13: 15 | E13: 10
A14: 45659 | B14: Smartphone | C14: Electronics | D14: 5 | E14: 500 | F14: =D14*E14 -> 2500 | G14: =SUMIF(B14:B22, "Smartphone",F14:F22) -> 6000 | H14: =LEFT(B9,3) -> Lap | I14: =RIGHT(B14,2) -> ne
A15: 45671 | B15: USB Drive | C15: Accessories | D15: 12 | E15: 15
A16: 45691 | B16: Headphones | C16: Electronics | D16: 3 | E16: 400 | F16: 1200 | H16: =LEFT(B11,3) -> Not | I16: =RIGHT(B16,2) -> es
A17: 45695 | B17: Laptop | C17: Electronics | D17: 1 | E17: 800 | F17: 800 | H17: =LEFT(B12,3) -> Off | I17: =RIGHT(B17,2) -> op
A18: 45703 | B18: Smartphone | C18: Electronics | D18: 4 | E18: 500 | F18: 2000 | H18: =LEFT(B13,3) -> Pen | I18: =RIGHT(B18,2) -> ne
A19: 45710 | B19: Headphones | C19: Electronics | D19: 2 | E19: 400 | F19: 800 | H19: =LEFT(B14,3) -> Sma | I19: =RIGHT(B19,2) -> es
A20: 45718 | B20: Smartphone | C20: Electronics | D20: 3 | E20: 500 | F20: 1500 | H20: =LEFT(B15,3) -> USB | I20: =RIGHT(B20,2) -> ne
A21: 45726 | B21: Laptop | C21: Electronics | D21: 2 | E21: 800 | F21: 1600 | H21: =LEFT(B16,3) -> Hea | I21: =RIGHT(B21,2) -> op
A22: 45734 | B22: Headphones | C22: Electronics | D22: 5 | E22: 400 | F22: 2000 | H22: =LEFT(B17,3) -> Lap | I22: =RIGHT(B22,2) -> es
A23: 45741 | B23: Smartphone | C23: Electronics | D23: 1 | E23: 500 | F23: 500 | H23: =LEFT(B18,3) -> Sma | I23: =RIGHT(B23,2) -> ne
I24: =RIGHT(B24,2)

Sheet Summary
A1: Month | B1: Average | C1: Sum
A2: Jan | B2: =AVERAGE('Store Sales'!F6:F14) -> 1325 | C2: =SUM('Store Sales'!F1:F14) -> 5300
A3: Feb | B3: =AVERAGE('Store Sales'!F7:F15) -> 1633.3333 | C3: =SUM('Store Sales'!F2:F15) -> 5300
A4: Mar | B4: =AVERAGE('Store Sales'!F8:F16) -> 1766.6667 | C4: =SUM('Store Sales'!F3:F16) -> 6500

Sheet Charts
